{
    "batch_size": 4,
    "model": "roberta-large",
    "epochs": 5,
    "metrics": {
        "0": {
            "accuracy": 0.5880668257756563
        },
        "1": {
            "accuracy": 0.6510739856801909
        },
        "2": {
            "accuracy": 0.643436754176611
        },
        "3": {
            "accuracy": 0.6534606205250597
        },
        "4": {
            "accuracy": 0.6677804295942721
        }
    },
    "conjunto": "1",
    "obs": "testando_novas_informa\u00e7\u00f5es_log",
    "padding_side": "right",
    "train_size": 1,
    "test_size": 1,
    "device": 