{
    "batch_size": 5,
    "model": "google-bert/bert-base-multilingual-cased",
    "epochs": 55,
    "metrics": {
        "0": {
            "accuracy": 0.2823529411764706
        },
        "1": {
            "accuracy": 0.3519607843137255
        },
        "2": {
            "accuracy": 0.3715686274509804
        },
        "3": {
            "accuracy": 0.3715686274509804
        },
        "4": {
            "accuracy": 0.317156862745098
        },
        "5": {
            "accuracy": 0.35294117647058826
        },
        "6": {
            "accuracy": 0.3602941176470588
        },
        "7": {
            "accuracy": 0.38088235294117645
        },
        "8": {
            "accuracy": 0.3627450980392157
        },
        "9": {
            "accuracy": 0.37058823529411766
        },
        "10": {
            "accuracy": 0.396078431372549
        },
        "11": {
            "accuracy": 0.35343137254901963
        },
        "12": {
            "accuracy": 0.3843137254901961
        },
        "13": {
            "accuracy": 0.3524509803921569
        },
        "14": {
            "accuracy": 0.3857843137254902
        },
        "15": {
            "accuracy": 0.35784313725490197
        },
        "16": {
            "accuracy": 0.3803921568627451
        },
        "17": {
            "accuracy": 0.37450980392156863
        },
        "18": {
            "accuracy": 0.367156862745098
        },
        "19": {
            "accuracy": 0.3686274509803922
        },
        "20": {
            "accuracy": 0.36911764705882355
        },
        "21": {
            "accuracy": 0.3627450980392157
        },
        "22": {
            "accuracy": 0.396078431372549
        },
        "23": {
            "accuracy": 0.37058823529411766
        },
        "24": {
            "accuracy": 0.37107843137254903
        },
        "25": {
            "accuracy": 0.3843137254901961
        },
        "26": {
            "accuracy": 0.3524509803921569
        },
        "27": {
            "accuracy": 0.3813725490196078
        },
        "28": {
            "accuracy": 0.3627450980392157
        },
        "29": {
            "accuracy": 0.36519607843137253
        },
        "30": {
            "accuracy": 0.36323529411764705
        },
        "31": {
            "accuracy": 0.3784313725490196
        },
        "32": {
            "accuracy": 0.38529411764705884
        },
        "33": {
            "accuracy": 0.36323529411764705
        },
        "34": {
            "accuracy": 0.3764705882352941
        },
        "35": {
            "accuracy": 0.3715686274509804
        },
        "36": {
            "accuracy": 0.37745098039215685
        },
        "37": {
            "accuracy": 0.3720588235294118
        },
        "38": {
            "accuracy": 0.37745098039215685
        },
        "39": {
            "accuracy": 0.36911764705882355
        },
        "40": {
            "accuracy": 0.39215686274509803
        },
        "41": {
            "accuracy": 0.38235294117647056
        },
        "42": {
            "accuracy": 0.36764705882352944
        },
        "43": {
            "accuracy": 0.3857843137254902
        },
        "44": {
            "accuracy": 0.3426470588235294
        },
        "45": {
            "accuracy": 0.35049019607843135
        },
        "46": {
            "accuracy": 0.39019607843137255
        },
        "47": {
            "accuracy": 0.36764705882352944
        },
        "48": {
            "accuracy": 0.3862745098039216
        },
        "49": {
            "accuracy": 0.375
        },
        "50": {
            "accuracy": 0.38333333333333336
        },
        "51": {
            "accuracy": 0.3784313725490196
        },
        "52": {
            "accuracy": 0.38088235294117645
        },
        "53": {
            "accuracy": 0.382843137254902
        },
        "54": {
            "accuracy": 0.3862745098039216
        }
    },
    "conjunto": 2,
    "obs": "trying_conjunto_2",
    "padding_side": "left",
    "train_size": 4080,
    "test_size": 2040,
    "eval_size": 680,
    "n_labels": 11,
    "validation_metric": {
        "accuracy": 0.35294117647058826
    },
    "processing_time": 171.2692236026128,
    "date": "03-08-2024-21-46"
}