{
    "batch_size": 5,
    "model": "neuralmind/bert-large-portuguese-cased",
    "epochs": 55,
    "metrics": {
        "0": {
            "accuracy": 0.3221850613154961
        },
        "1": {
            "accuracy": 0.32627276105536973
        },
        "2": {
            "accuracy": 0.4176885916016351
        },
        "3": {
            "accuracy": 0.4136008918617614
        },
        "4": {
            "accuracy": 0.39316239316239315
        },
        "5": {
            "accuracy": 0.14938684503901895
        },
        "6": {
            "accuracy": 0.15124489037532515
        },
        "7": {
            "accuracy": 0.2337421033073207
        },
        "8": {
            "accuracy": 0.2337421033073207
        },
        "9": {
            "accuracy": 0.2337421033073207
        },
        "10": {
            "accuracy": 0.2337421033073207
        },
        "11": {
            "accuracy": 0.2337421033073207
        },
        "12": {
            "accuracy": 0.2337421033073207
        },
        "13": {
            "accuracy": 0.14938684503901895
        },
        "14": {
            "accuracy": 0.2337421033073207
        },
        "15": {
            "accuracy": 0.2337421033073207
        },
        "16": {
            "accuracy": 0.2337421033073207
        },
        "17": {
            "accuracy": 0.2337421033073207
        },
        "18": {
            "accuracy": 0.2337421033073207
        },
        "19": {
            "accuracy": 0.2337421033073207
        },
        "20": {
            "accuracy": 0.2337421033073207
        },
        "21": {
            "accuracy": 0.2337421033073207
        },
        "22": {
            "accuracy": 0.2337421033073207
        },
        "23": {
            "accuracy": 0.2337421033073207
        },
        "24": {
            "accuracy": 0.2337421033073207
        },
        "25": {
            "accuracy": 0.2337421033073207
        },
        "26": {
            "accuracy": 0.2337421033073207
        },
        "27": {
            "accuracy": 0.2337421033073207
        },
        "28": {
            "accuracy": 0.12783351913786697
        },
        "29": {
            "accuracy": 0.2337421033073207
        },
        "30": {
            "accuracy": 0.2337421033073207
        },
        "31": {
            "accuracy": 0.2337421033073207
        },
        "32": {
            "accuracy": 0.2337421033073207
        },
        "33": {
            "accuracy": 0.2337421033073207
        },
        "34": {
            "accuracy": 0.2337421033073207
        },
        "35": {
            "accuracy": 0.2337421033073207
        },
        "36": {
            "accuracy": 0.2337421033073207
        },
        "37": {
            "accuracy": 0.2337421033073207
        },
        "38": {
            "accuracy": 0.2337421033073207
        },
        "39": {
            "accuracy": 0.2337421033073207
        },
        "40": {
            "accuracy": 0.2337421033073207
        },
        "41": {
            "accuracy": 0.2337421033073207
        },
        "42": {
            "accuracy": 0.2337421033073207
        },
        "43": {
            "accuracy": 0.2337421033073207
        },
        "44": {
            "accuracy": 0.2337421033073207
        },
        "45": {
            "accuracy": 0.2337421033073207
        },
        "46": {
            "accuracy": 0.2337421033073207
        },
        "47": {
            "accuracy": 0.2337421033073207
        },
        "48": {
            "accuracy": 0.2337421033073207
        },
        "49": {
            "accuracy": 0.2337421033073207
        },
        "50": {
            "accuracy": 0.2337421033073207
        },
        "51": {
            "accuracy": 0.2337421033073207
        },
        "52": {
            "accuracy": 0.2337421033073207
        },
        "53": {
            "accuracy": 0.2337421033073207
        },
        "54": {
            "accuracy": 0.2337421033073207
        }
    },
    "conjunto": "1",
    "obs": "using_Data_as_intervals",
    "padding_side": "left",
    "train_size": 5382,
    "test_size": 2691,
    "eval_size": 897,
    "n_labels": 11,
    "validation_metric": {
        "accuracy": 0.189520624303233
    },
    "processing_time": 736.9109003742536,
    "date": "02-08-2024-09-05"
}