{
    "batch_size": 5,
    "model": "google-bert/bert-base-multilingual-cased",
    "epochs": 55,
    "metrics": {
        "0": {
            "accuracy": 0.21141374837872892
        },
        "1": {
            "accuracy": 0.17380025940337224
        },
        "2": {
            "accuracy": 0.27367055771725035
        },
        "3": {
            "accuracy": 0.26329442282749677
        },
        "4": {
            "accuracy": 0.24254215304798962
        },
        "5": {
            "accuracy": 0.3346303501945525
        },
        "6": {
            "accuracy": 0.3203631647211414
        },
        "7": {
            "accuracy": 0.3229571984435798
        },
        "8": {
            "accuracy": 0.31776913099870296
        },
        "9": {
            "accuracy": 0.3164721141374838
        },
        "10": {
            "accuracy": 0.30609597924773024
        },
        "11": {
            "accuracy": 0.32684824902723736
        },
        "12": {
            "accuracy": 0.32944228274967574
        },
        "13": {
            "accuracy": 0.32814526588845655
        },
        "14": {
            "accuracy": 0.3359273670557717
        },
        "15": {
            "accuracy": 0.3320363164721141
        },
        "16": {
            "accuracy": 0.3203631647211414
        },
        "17": {
            "accuracy": 0.3035019455252918
        },
        "18": {
            "accuracy": 0.3125810635538262
        },
        "19": {
            "accuracy": 0.3216601815823606
        },
        "20": {
            "accuracy": 0.2619974059662776
        },
        "21": {
            "accuracy": 0.3035019455252918
        },
        "22": {
            "accuracy": 0.32684824902723736
        },
        "23": {
            "accuracy": 0.3164721141374838
        },
        "24": {
            "accuracy": 0.3125810635538262
        },
        "25": {
            "accuracy": 0.3086900129701686
        },
        "26": {
            "accuracy": 0.32814526588845655
        },
        "27": {
            "accuracy": 0.3216601815823606
        },
        "28": {
            "accuracy": 0.30609597924773024
        },
        "29": {
            "accuracy": 0.3138780804150454
        },
        "30": {
            "accuracy": 0.29961089494163423
        },
        "31": {
            "accuracy": 0.32684824902723736
        },
        "32": {
            "accuracy": 0.29442282749675747
        },
        "33": {
            "accuracy": 0.3320363164721141
        },
        "34": {
            "accuracy": 0.3022049286640726
        },
        "35": {
            "accuracy": 0.32555123216601817
        },
        "36": {
            "accuracy": 0.3086900129701686
        },
        "37": {
            "accuracy": 0.32814526588845655
        },
        "38": {
            "accuracy": 0.3216601815823606
        },
        "39": {
            "accuracy": 0.32555123216601817
        },
        "40": {
            "accuracy": 0.32944228274967574
        },
        "41": {
            "accuracy": 0.3229571984435798
        },
        "42": {
            "accuracy": 0.32555123216601817
        },
        "43": {
            "accuracy": 0.3229571984435798
        },
        "44": {
            "accuracy": 0.3125810635538262
        },
        "45": {
            "accuracy": 0.30479896238651105
        },
        "46": {
            "accuracy": 0.3099870298313878
        },
        "47": {
            "accuracy": 0.311284046692607
        },
        "48": {
            "accuracy": 0.32555123216601817
        },
        "49": {
            "accuracy": 0.31776913099870296
        },
        "50": {
            "accuracy": 0.3138780804150454
        },
        "51": {
            "accuracy": 0.3229571984435798
        },
        "52": {
            "accuracy": 0.3125810635538262
        },
        "53": {
            "accuracy": 0.3125810635538262
        },
        "54": {
            "accuracy": 0.3099870298313878
        }
    },
    "conjunto": 3,
    "obs": "trying_conjunto_3",
    "padding_side": "left",
    "train_size": 1540,
    "test_size": 771,
    "eval_size": 257,
    "n_labels": 11,
    "script_type": "confusion_matrix",
    "validation_metric": {
        "accuracy": 0.3229571984435798
    },
    "processing_time": 61.91597315073013,
    "date": "04-08-2024-00-21"
}