{
    "batch_size": 5,
    "model": "neuralmind/bert-large-portuguese-cased",
    "epochs": 55,
    "metrics": {
        "0": {
            "accuracy": 0.1073950204384987
        },
        "1": {
            "accuracy": 0.12671869193608323
        },
        "2": {
            "accuracy": 0.1742846525455221
        },
        "3": {
            "accuracy": 0.189520624303233
        },
        "4": {
            "accuracy": 0.19881085098476403
        },
        "5": {
            "accuracy": 0.211073950204385
        },
        "6": {
            "accuracy": 0.21664808621330361
        },
        "7": {
            "accuracy": 0.07432181345224824
        },
        "8": {
            "accuracy": 0.06280193236714976
        },
        "9": {
            "accuracy": 0.06280193236714976
        },
        "10": {
            "accuracy": 0.07432181345224824
        },
        "11": {
            "accuracy": 0.1527313266443701
        },
        "12": {
            "accuracy": 0.17019695280564845
        },
        "13": {
            "accuracy": 0.18766257896692679
        },
        "14": {
            "accuracy": 0.1742846525455221
        },
        "15": {
            "accuracy": 0.16090672612411744
        },
        "16": {
            "accuracy": 0.19806763285024154
        },
        "17": {
            "accuracy": 0.18617614269788182
        },
        "18": {
            "accuracy": 0.18208844295800816
        },
        "19": {
            "accuracy": 0.1921218877740617
        },
        "20": {
            "accuracy": 0.20624303232998886
        },
        "21": {
            "accuracy": 0.20512820512820512
        },
        "22": {
            "accuracy": 0.18729096989966554
        },
        "23": {
            "accuracy": 0.19360832404310666
        },
        "24": {
            "accuracy": 0.07432181345224824
        },
        "25": {
            "accuracy": 0.07432181345224824
        },
        "26": {
            "accuracy": 0.11519881085098477
        },
        "27": {
            "accuracy": 0.1397250092902267
        },
        "28": {
            "accuracy": 0.18766257896692679
        },
        "29": {
            "accuracy": 0.19769602378298032
        },
        "30": {
            "accuracy": 0.20549981419546637
        },
        "31": {
            "accuracy": 0.2103307320698625
        },
        "32": {
            "accuracy": 0.20958751393534003
        },
        "33": {
            "accuracy": 0.19806763285024154
        },
        "34": {
            "accuracy": 0.20475659606094387
        },
        "35": {
            "accuracy": 0.20661464139725008
        },
        "36": {
            "accuracy": 0.2129319955406912
        },
        "37": {
            "accuracy": 0.2211073950204385
        },
        "38": {
            "accuracy": 0.21441843180973616
        },
        "39": {
            "accuracy": 0.20884429580081754
        },
        "40": {
            "accuracy": 0.2021553325901152
        },
        "41": {
            "accuracy": 0.20512820512820512
        },
        "42": {
            "accuracy": 0.20549981419546637
        },
        "43": {
            "accuracy": 0.21813452248234858
        },
        "44": {
            "accuracy": 0.2121887774061687
        },
        "45": {
            "accuracy": 0.2147900408769974
        },
        "46": {
            "accuracy": 0.21813452248234858
        },
        "47": {
            "accuracy": 0.21776291341508733
        },
        "48": {
            "accuracy": 0.21850613154960982
        },
        "49": {
            "accuracy": 0.20921590486807878
        },
        "50": {
            "accuracy": 0.21256038647342995
        },
        "51": {
            "accuracy": 0.21590486807878112
        },
        "52": {
            "accuracy": 0.21441843180973616
        },
        "53": {
            "accuracy": 0.21962095875139354
        },
        "54": {
            "accuracy": 0.2129319955406912
        }
    },
    "conjunto": "1",
    "obs": "55_epochs",
    "padding_side": "left",
    "train_size": 5382,
    "test_size": 2691,
    "eval_size": 897,
    "n_labels": 57,
    "validation_metric": {
        "accuracy": 0.20958751393534003
    },
    "processing_time": 762.2227156281472,
    "date": "31-07-2024-09-50"
}