{
    "batch_size": 5,
    "model": "google-bert/bert-base-multilingual-cased",
    "epochs": 55,
    "metrics": {
        "0": {
            "accuracy": 0.2660720921590487
        },
        "1": {
            "accuracy": 0.2798216276477146
        },
        "2": {
            "accuracy": 0.2738758825715347
        },
        "3": {
            "accuracy": 0.35674470457079155
        },
        "4": {
            "accuracy": 0.38164251207729466
        },
        "5": {
            "accuracy": 0.3808992939427722
        },
        "6": {
            "accuracy": 0.3849869936826459
        },
        "7": {
            "accuracy": 0.3920475659606094
        },
        "8": {
            "accuracy": 0.3920475659606094
        },
        "9": {
            "accuracy": 0.3905611296915645
        },
        "10": {
            "accuracy": 0.3742103307320699
        },
        "11": {
            "accuracy": 0.3927907840951319
        },
        "12": {
            "accuracy": 0.37383872166480864
        },
        "13": {
            "accuracy": 0.4017094017094017
        },
        "14": {
            "accuracy": 0.3797844667409885
        },
        "15": {
            "accuracy": 0.3905611296915645
        },
        "16": {
            "accuracy": 0.39241917502787066
        },
        "17": {
            "accuracy": 0.36863619472315123
        },
        "18": {
            "accuracy": 0.3957636566332218
        },
        "19": {
            "accuracy": 0.3849869936826459
        },
        "20": {
            "accuracy": 0.3890746934225195
        },
        "21": {
            "accuracy": 0.39464882943143814
        },
        "22": {
            "accuracy": 0.3920475659606094
        },
        "23": {
            "accuracy": 0.38870308435525824
        },
        "24": {
            "accuracy": 0.40096618357487923
        },
        "25": {
            "accuracy": 0.38758825715347456
        },
        "26": {
            "accuracy": 0.39390561129691565
        },
        "27": {
            "accuracy": 0.39836492010405056
        },
        "28": {
            "accuracy": 0.379041248606466
        },
        "29": {
            "accuracy": 0.3742103307320699
        },
        "30": {
            "accuracy": 0.3961352657004831
        },
        "31": {
            "accuracy": 0.3961352657004831
        },
        "32": {
            "accuracy": 0.40951319212188775
        },
        "33": {
            "accuracy": 0.40096618357487923
        },
        "34": {
            "accuracy": 0.39390561129691565
        },
        "35": {
            "accuracy": 0.3972500929022668
        },
        "36": {
            "accuracy": 0.3801560758082497
        },
        "37": {
            "accuracy": 0.3764399851356373
        },
        "38": {
            "accuracy": 0.3987365291713118
        },
        "39": {
            "accuracy": 0.3857302118171683
        },
        "40": {
            "accuracy": 0.3853586027499071
        },
        "41": {
            "accuracy": 0.39241917502787066
        },
        "42": {
            "accuracy": 0.39241917502787066
        },
        "43": {
            "accuracy": 0.3979933110367893
        },
        "44": {
            "accuracy": 0.3920475659606094
        },
        "45": {
            "accuracy": 0.3957636566332218
        },
        "46": {
            "accuracy": 0.3849869936826459
        },
        "47": {
            "accuracy": 0.391304347826087
        },
        "48": {
            "accuracy": 0.3987365291713118
        },
        "49": {
            "accuracy": 0.4072835377183203
        },
        "50": {
            "accuracy": 0.4035674470457079
        },
        "51": {
            "accuracy": 0.399108138238573
        },
        "52": {
            "accuracy": 0.4017094017094017
        },
        "53": {
            "accuracy": 0.399108138238573
        },
        "54": {
            "accuracy": 0.40468227424749165
        }
    },
    "conjunto": 1,
    "obs": "using_google_model",
    "padding_side": "left",
    "train_size": 5382,
    "test_size": 2691,
    "eval_size": 897,
    "n_labels": 11,
    "validation_metric": {
        "accuracy": 0.3779264214046823
    },
    "processing_time": 227.78184442520143,
    "date": "03-08-2024-01-40"
}